label,precision,recall,f1,support
declining,0.6842105263157895,0.7647058823529411,0.7222222222222222,17
emerging,0.6923076923076923,0.5,0.5806451612903226,18
experimental,0.4473684210526316,0.7083333333333334,0.5483870967741935,24
mature,0.7777777777777778,0.35,0.4827586206896552,20
weighted avg,0.6377913299965265,0.5822784810126582,0.576529790093384,79
macro avg,0.6504161043634729,0.5807598039215687,0.5835032752440984,79
