label,precision,recall,f1,support
declining,0.0,0.0,0.0,4
emerging,0.52,0.7222222222222222,0.6046511627906976,18
experimental,0.0,0.0,0.0,16
mature,0.3548387096774194,0.6111111111111112,0.4489795918367347,18
weighted avg,0.28119815668202763,0.42857142857142855,0.3386670282731033,56
macro avg,0.21870967741935485,0.33333333333333337,0.2634076886568581,56
